cursos,ano
Regulamentação da Lei de Acesso à Informação nos Municípios,2018
eMAG Conteudista,2018
Federalismo e Federalismo Fiscal no Brasil,2018
Controle Social,2018
Introdução à Libras,2018
Noções Gerais de Direitos Autorais,2018
Microeconomia,2018
Provas no Processo Administrativo Disciplinar,2018
Macroeconomia,2018
Cidadania e Direitos Humanos ,2018
Formação de Pregoeiros,2018
Direitos Humanos: Uma Declaração Universal,2018
Gestão em Ouvidoria,2018
eMAG Desenvolvedor,2018
Resolução de Conflitos Aplicada ao Contexto das Ouvidorias,2018
Siape Folha,2018
Acesso a Recursos do Saneamento: Mecanismos OGU-PAC (Transferências Obrigatórias)/Curso 2,2018
Introdução à Gestão de Projetos,2018
Acesso a Recursos do Saneamento: Mecanismos OGU - NÃO PAC (Transferências Voluntárias) /Curso 3,2018
Introdução ao Orçamento Público,2018
Siconv para Convenentes 5 - Prestação de Contas,2018
Ciclo de Gestão do Investimento Público,2018
Sistema Eletrônico de Informações - SEI! USAR,2018
Planejamento Estratégico para Organizações Públicas,2018
Lei de Diretrizes Orçamentárias para Municípios,2018
Acesso à Informação,2018
Acesso a Recursos do Saneamento: Mecanismos PAC - Financiamento/Curso 4,2018
Estatística,2018
Principais Aspectos das Mudanças da Contabilidade Aplicada ao Setor Público,2018
Ações Inovadoras da CGU,2018
Noções Introdutórias de Licitação e Contratos Administrativos,2018
Introdução à Interoperabilidade,2018
Impactos da Mudança do Clima para a Gestão Municipal,2018
Gestão da Estratégia com BSC - Fundamentos,2018
Defesa do Usuário e Simplificação,2018
Federalismo Fiscal no Brasil,2018
Básico em Orçamento Público,2018
Siape Cadastro,2018
Formação de facilitadores de aprendizagem,2018
Controles Institucional e Social dos Gastos Públicos,2018
Conselhos dos Direitos da Pessoa com Deficiência,2018
Um Por Todos e Todos por Um - Pela Ética e Cidadania,2018
Formação de Conselheiros: Conselhos Tutelares,2018
Governo Aberto,2018
Introdução ao Estudo da Economia no Setor Público,2018
Avaliação de Impacto de Programas e Políticas Sociais,2018
Gestão da Informação e Documentação - Conceitos Básicos em Gestão Documental,2018
Conselhos de Promoção da Igualdade Racial,2018
Gestão de Conselhos de Direitos Humanos,2018
Conselhos dos Direitos da Criança e do Adolescente,2018
Direitos Humanos da Criança e do Adolescente,2018
Conselhos dos Direitos da Pessoa Idosa,2018
Promoção dos direitos da população em situação de rua,2018
Introdução à Vigilância Sanitária,2018
Introdução ao Estudo da Economia do Setor Público,2018
Divulgação de Compras,2018
Introdução ao Sistema de Gestão do Assentamento Funcional Digital - SGAFD,2018
Ética e Serviço Público,2018
Acesso a Recursos do Saneamento: Regras Gerais para Acesso aos Recursos de Saneamento/Curso 1,2018
"Logística de Suprimentos - Lei nº 8.666/93, Pregão e Registro de Preços",2018
Matemática Financeira,2018
Introdução à Gestão de Processos,2018
Desenho de Cursos: Introdução ao Modelo ADDIE,2018
Siconv para Convenentes 2 - Proponentes e Usuários,2018
Gestão e Fiscalização de Contratos Administrativos,2018
Promoção e Defesa dos Direitos LGBT,2018
Educação em Direitos Humanos,2018
Elaboração de Plano de Dados Abertos,2018
Regras e Fundamentos do Sistema de Concessão de Diárias e Passagens (SCDP),2018
Siconv para Convenentes 4 - Execução,2018
Siconv - Ordem Bancária de Transferência Voluntária (OBTV) - Concedente,2018
Siconv para Convenentes 1 - Visão Geral,2018
Siconv para Convenentes 3 - Proposta e Plano de Trabalho,2018
A Previdência Social dos Servidores Públicos: Regime Próprio e Regime de Previdência,2018
Gestão Estratégica de Pessoas e Planos de Carreira,2018
Tratamento de Denúncias em Ouvidoria,2018
Gestão de Riscos no Setor Público,2018
Das políticas às ações: direitos da pessoa idosa no Brasil,2018
Análise Ex Ante de Políticas Públicas,2018
Siape Folha,2022
Estatística,2022
Macroeconomia,2022
Microeconomia,2022
Portal Gov.Br,2022
Siafi Básico,2022
Governo Aberto,2022
Siape Cadastro,2022
Tesouro Direto,2022
Controle Social,2022
PNLD Literário,2022
Água e Gênero,2022
Comissão de PAR,2022
Salve uma Mulher,2022
eMAG Conteudista,2022
Papel do cidadão,2022
Pró-Gestão RPPS,2022
Tesouro Gerencial,2022
Assinatura Digital,2022
Democratizando BIM,2022
Equilíbrio Fiscal,2022
Gestão Documental,2022
Metrologia Básica,2022
Pró- Gestão RPPS,2022
eMAG Desenvolvedor,2022
BIM - Implantação,2022
Fundamentos da LGPD,2022
Gestão de projetos,2022
Metodologias Ativas,2022
Migração e Saúde,2022
Orçamento Público,2022
Active Methodologies,2022
Cidades Inteligentes,2022
Conhecendo o PROARTE,2022
Gestão em Ouvidoria,2022
Governança de Dados,2022
Learning with Python,2022
Papel do legislativo,2022
Reuniões produtivas,2022
Técnica Legislativa,2022
Active Methodologies ,2022
Aprendendo com Python,2022
Introdução ao Excel,2022
Sinalização Viária,2022
A importância do PNLD,2022
Acesso à Informação,2022
Emotional Intelligence,2022
Gestão Organizacional,2022
Inteligencia Emocional,2022
Introdução à Libras,2022
Matemática Financeira,2022
Problem-Solving Skills,2022
Armamento Institucional,2022
Comissões Processantes,2022
Estilos de Aprendizagem,2022
Gestão da Informação,2022
Inteligência Emocional,2022
SIAFI Ordens Bancárias,2022
Siafi Ordens Bancárias,2022
Accountability política,2022
Acessibilidade em Museus,2022
BIM - Fluxos de Trabalho,2022
Compliance Concorrencial,2022
FOTOGRAFIA INSTITUCIONAL,2022
Fotografia Institucional,2022
Gestão Fiscal Municipal,2022
Ações Inovadoras da CGU,2022
Gestão por Competências,2022
Inventário Participativo,2022
Transferências Especiais,2022
Uso responsável das TICs,2022
Comunicações Processuais,2022
Entendendo a Gamificação,2022
Gestão por Competências ,2022
Para Fazer uma Exposição,2022
Planejamento Governamental,2022
Procedimentos de Protocolo,2022
Ética e Serviço Público,2022
Admissibilidade Correcional,2022
Comunicação não violenta,2022
Direito e Novas Tecnologias,2022
Empresas e Direitos Humanos,2022
Etapas e procedimentos PNLD,2022
Gestão de Bens e Serviços,2022
BIM - Conceituação Básica,2022
MROSC: Prestação de Contas,2022
CORPAS - Operação de drones,2022
Gestão Tributária Municipal,2022
Gestão de Finanças Pessoais,2022
Gestão de Recursos Escolares,2022
Noções sobre cooperativismo,2022
Preparando-se para Execução,2022
S2ID - M0 - Acesso ao Sistema,2022
Valores Culturais da Natureza,2022
Autoconhecimento e Motivação,2022
Básico em Orçamento Público,2022
Educação em Direitos Humanos,2022
Enquadramento de Corpos Dágua,2022
Estruturas de Gestão Pública,2022
Etapas e Procedimentos do PNLD,2022
Políticas Públicas de Saúde,2022
SCDP - Aprovação e Pagamento,2022
Acessibilidade na Comunicação,2022
Biodiesel - Contexto e Métodos,2022
Censo Cadastral Previdenciário,2022
Conformidade cooperativa fiscal,2022
Contabilização de Benefícios,2022
Enquadramento de Corpos D'água,2022
Gênero e atuação legislativa,2022
Liderança e Gestão De Equipes,2022
Liderança e Gestão de Equipes,2022
MROSC 5 - Prestação de Contas,2022
MROSC: Seleção e Celebração,2022
Análise de Dados em Linguagem R,2022
Análise e Melhoria de Processos,2022
Biodiesel - Contextos e Métodos,2022
Gestão de Projetos Educacionais,2022
Gestão do Tempo e Produtividade,2022
Introdução à Audiodescrição,2022
Termo de Compromisso: Execução,2022
Formação de Pregoeiros - Teoria,2022
Gestão participativa nas cidades,2022
Acessibilidade em Espaços Urbanos,2022
Acessibilidade em espaços urbanos,2022
Ambientes Digitais de Aprendizagem,2022
Auditoria e Controle Para Estatais,2022
Crianças e Adolescentes Migrantes,2022
Infraestrutura Econômica e Urbana,2022
Liberdade Religiosa e Estado Laico,2022
Políticas Públicas de Educação,2022
Primeira Infância Primeiro no PPA,2022
S2ID - M4 - Plano de Contingência,2022
SEI! Usar para Deficientes Visuais,2022
Ampliação das Receitas Municipais,2022
Assédio Moral: O que saber e fazer,2022
Avaliadores de Artigos Científicos,2022
Avaliação estratégica de governo,2022
Estratégias de Metodologias Ativas,2022
Gestão Orçamentária e Financeira,2022
Gestão de Conflitos e Negociação,2022
Introdução ao Orçamento Público,2022
Introdução à Gestão de Projetos,2022
Lei nº 8112/90 e suas alterações,2022
SUPER.BR - Usuário Interno Básico,2022
Atividade Correcional - Visão Geral,2022
Defesa do Usuário e Simplificação,2022
Gestão Pessoal - Base da Liderança,2022
Introdução ao Sistema Sigepe - AFD,2022
Introdução à Gestão de Processos,2022
Lei nº 8.112/90 e suas alterações,2022
MROSC: Planejamento e Transparência,2022
Noções Básicas do Trabalho Remoto,2022
Noções Gerais de Direitos Autorais,2022
Noções básicas do Trabalho Remoto,2022
O Brasil e a OCDE: Noções Básicas,2022
Políticas Públicas e Governo Local,2022
Atividade Correcional  - Visão Geral,2022
Conceitos de Fiscalização Aduaneira,2022
Consórcios Públicos Intermunicipais,2022
Controles na Administração Pública,2022
Desenvolvimento humano no século XXI,2022
Documentação de Acervo Museológico,2022
Elaboração e monitoramento do PDTIC,2022
ForRisco - Gestão de Riscos para IES,2022
Gerenciamento de Projetos na Prática,2022
Gestão Compartilhada no Projeto Orla,2022
Gestão de Equipes em Trabalho Remoto,2022
Inovações em Tecnologia Educacional,2022
Integração e Interoperabilidade BIM,2022
MROSC - Planejamento e Transparência,2022
Me Poupe! Invista com Nathalia Arcuri,2022
Me poupe! Invista com Nathalia Arcuri,2022
S2ID - M0 - Todos - Acesso ao Sistema,2022
Tratamento de Denúncias em Ouvidoria,2022
Uso do Design em Políticas Públicas,2022
Contratações Públicas Sustentáveis,2022
Controle social do orçamento público,2022
Design Thinking Aplicado à Educação,2022
Formação de pregoeiro - Visão Geral,2022
Formação para Voluntariado com Mães,2022
Gestión Personal - Base del Liderazgo,2022
Gestão de Convênios para Concedentes,2022
Introdução à Vigilância Sanitária,2022
Nova lei de licitações: Visão Geral,2022
Princípios de Economia: Macroeconomia,2022
Princípios de Economia: Microeconomia,2022
Redação Oficial: Tópicos Essenciais,2022
Scrum no Contexto do Serviço Público,2022
Siconv para Convenentes 4 - Execução,2022
Soft Skills na Transformação Digital,2022
Teletrabalho e Educação a Distância,2022
eSocial para Órgãos Públicos - RPPS,2022
Ágil no Contexto do Serviço Público,2022
Desenvolvendo Times de Alta Performance,2022
Gestão da Inovação no Setor Público,2022
Habilidades de Resolução de Problemas,2022
Introdução à Defesa da Concorrência,2022
Produção de Vídeos: uma introdução,2022
S2ID - M5 - Plantonista - Monitoramento,2022
Temos que dar aulas remotas... E agora?,2022
Transferências da União: Visão Geral,2022
UX Writing para Transformação Digital,2022
A Liderança Pública em Tempos de Crise,2022
A liderança pública em tempos de crise,2022
Análise Ex Ante de Políticas Públicas,2022
Elaboração de Relatórios de Auditoria,2022
Serviços públicos e defesa do usuário,2022
Siconv para Convenentes 1 - Visão Geral,2022
Agile in the Context of the Public Sector,2022
Agile in the context of the Public Sector,2022
Ciclo de Gestão do Investimento Público,2022
Educação Fiscal - Estado e Tributação,2022
Gestão do Conhecimento no Setor Público,2022
Governança de TIC para o Governo Digital,2022
Introdução às Práticas Arquivísticas,2022
Parcerias Público-Privadas e Concessões,2022
Personal Management - Basis of Leadership,2022
Programa de Leniência Antitruste do CADE,2022
Scrum in the Context of the Public Sector,2022
Termo de Compromisso: Atos Preparatórios,2022
Avaliação de Equipamentos de Irrigação,2022
Contratações de Encomendas Tecnológicas,2022
Elaboração do Plano Plurianual 2020-2023,2022
Eventos Virtuais: da Gestão à Execução,2022
Eventos Virtuais: da gestão à execução,2022
Federalismo e Federalismo Fiscal no Brasil,2022
Introdução à Economia do Setor Público,2022
Preparação para Aposentadoria - Caminhos,2022
S2ID - M4 - Todos - Plano de Contingência,2022
Scrum en el Contexto del Servicio Público,2022
Ágil en el Contexto del Servicio Público,2022
Ágil en el contexto del Servicio Público,2022
Administration of Government Cloud Services,2022
Avaliação Ex-Post de Políticas Públicas,2022
Formação de Facilitadores de Aprendizagem,2022
Fundamentos de Transferências Voluntárias,2022
Gestão de Comportamento nas Organizações,2022
Gestão de Consultas e Normas GESCON - RPPS,2022
Introduction to competency-based management,2022
Políticas Públicas de Assistência Social,2022
Segurança em Máquinas e Equipamentos NR12,2022
Termo de Compromisso: Prestação de Contas,2022
A construção dos livros didáticos do PNLD,2022
Direito de Proteção às Vítimas de Crimes,2022
Direitos Humanos: Uma Declaração Universal,2022
Ferramentas de Gestão no Teletrabalho (PDP),2022
Fiscalização e Gestão de Contratos de TIC,2022
Gestão da Estratégia com BSC - Fundamentos,2022
Gestão do Conhecimento - Teoria e Práticas,2022
"Instrumentos de Planejamento: PPA, LDO e LOA",2022
Introdução ao Federalismo Fiscal no Brasil,2022
Introdução à Auditoria de Obras Públicas,2022
Mundo Conectado – Manual de Sobrevivência,2022
Nova Lei de Licitações: Gestão Contratual,2022
Produção e edição de vídeo pelo celular,2022
Projeto de Interface para Serviços Digitais,2022
Projeto de interface para Serviços Digitais,2022
Sustentabilidade na Administração Pública,2022
Transformação Digital no Serviço Público,2022
Técnicas de Auditoria Interna Governamental,2022
Análise de Atos de Concentração Horizontal,2022
Análise de riscos para contratações de TIC,2022
Direito e Atenção à Saúde da Pessoa Idosa,2022
Fundamentos da Gestão da Logística Pública,2022
Novo marco regulatório do saneamento básico,2022
Provas no Processo Administrativo Disciplinar,2022
Gestão Municipal de Contratos Administrativos,2022
Gestão e preservação de documentos digitais,2022
Governo Aberto: Transparência e Dados Abertos,2022
"MROSC: Execução, Monitoramento e Avaliação",2022
Mercado de Câmbio aplicado à Receita Federal,2022
Noções Básicas em Previdência Complementar,2022
Primeiros passos para uso de Linguagem Simples,2022
Proteção de Dados Pessoais no Setor Público,2022
SCDP - Solicitação do Afastamento a Serviço,2022
Compliance Anticorrupção em Empresas Estatais,2022
Educação Fiscal - Orçamento e Coesão Social,2022
Fundamentos da Lei Geral de Proteção de Dados,2022
Governança de Dados na Transformação Digital,2022
Noções Básicas para Coordenar Cursos On-line,2022
SCDP - Solicitação de Afastamento do Servidor,2022
Administração de Serviços na Nuvem de Governo,2022
Contabilidade pública e conformidade na gestão,2022
Design de Aplicativos na Transformação Digital,2022
Elaboração de Plano de Logística Sustentável,2022
Fiscalização de Projetos e Obras de Engenharia,2022
GIRD+10: Gestão Integrada de Riscos e Desastres,2022
Garantia de Direitos e Atenção à Pessoa Idosa,2022
Gestão em Ouvidoria para o Ministério Público,2022
Novas Tecnologias para a Transformação Digital,2022
Noções básicas de SST para pequenos negócios,2022
Panorama Teórico dos Direitos Humanos no Brasil,2022
Planejamento e Organização Pessoal no Trabalho,2022
S2ID - Estadual - M1 - Registro e Reconhecimento,2022
S2ID - Estadual - M2 - Solicitação de Recursos,2022
Sistema Eletrônico de Informações - SEI! USAR,2022
Voluntariado no ICMBio: Manejo Integrado do Fogo,2022
Comunicação Pública e Comunicação de Governo,2022
"Direito à Identidade, Cidadania e Documentação",2022
Lei de Liberdade Econômica e o Licenciamento 4.0,2022
"MROSC 4 - Execução, Monitoramento e Avaliação",2022
Nova Lei de Licitações: Sanções ao fornecedor,2022
Para que serve a análise ergonômica do trabalho,2022
S2ID - M5 – Plantonista (todos) - Monitoramento,2022
S2ID - Municipal - M1 - Registro e Reconhecimento,2022
Siconv para Convenentes 5 - Prestação de Contas,2022
Compras sustentáveis e a nova lei de licitações,2022
Conformidade Cooperativa Fiscal na Receita Federal,2022
Desenvolvimento profissional cooperativo na escola,2022
Fiscalização na Gestão do Patrimônio da União,2022
Lei de Diretrizes Orçamentárias para Municípios,2022
Liderando para o Desenvolvimento - Novos Prefeitos,2022
MP 881: Liberdade Econômica e Aprovação Tácita,2022
Operação de drones no âmbito da Receita Federal,2022
Planejamento da Contratação de Soluções de TIC,2022
Preparando-se para Execução da Gestão Municipal,2022
Behavioral Economics in public policies development,2022
Como Fiscalizar com Eficiência Contratos Públicos,2022
Conservação Preventiva para Acervos Museológicos,2022
ForPDI - Plano de Desenvolvimento institucional IES,2022
Formação em Políticas Públicas para a Juventude,2022
Fundamentos e Metodologia da Educação Corporativa,2022
Gestão de Pessoas para Gestores da Alfabetização,2022
Normas Internacionais de Auditoria Financeira - NIA,2022
Previdência Complementar para Servidores Públicos,2022
Siconv para Convenentes 2 - Proponentes e Usuários,2022
Transmissão aérea: atualização após a Covid-19,2022
Acessibilidade em espaços de uso público no Brasil,2022
Análise de Dados como Suporte à Tomada de Decisão,2022
Análise de dados como suporte à tomada de decisão,2022
Biossegurança em laboratórios de ensino e pesquisa,2022
Demonstrativo de Investimentos do RPPS - DAIR E DPIN,2022
Design Sprint em Projetos de Transformação Digital,2022
Elaboração e Avaliação do PPA: bases conceituais,2022
Formação para Voluntárias do Projeto Mães Unidas,2022
Fundamentos de Convênios com Utilização do Siconv,2022
Gestão Pedagógica para Gestores da Alfabetização,2022
Introdução ao Estudo da Economia do Setor Público,2022
Nova Lei de Licitações: planejamento e governança,2022
Prevenção e Detecção de Cartéis em Licitações,2022
Supervisão de Estágio na Receita Federal do Brasil,2022
Acessibilidade em espaços edificados de uso público,2022
Aplicação do Power BI para Aprimoramento da Gestão,2022
Aprendizagem Organizacional e Trilhas de Aprendizagem,2022
Controles Institucional e Social dos Gastos Públicos,2022
Criatividade e Novas Tecnologias no Serviço Público,2022
Demonstrativo de Investimentos dos RPPS - DAIR e DPIN,2022
Formalização de Organizações Religiosas no Brasil,2022
Gestão e Fiscalização de Contratos Administrativos,2022
Inteligência Artificial para simplificar o dia a dia,2022
Introdução à orçamentação de obras rodoviárias,2022
Normas Internacionais de Auditoria Financeira – NIA,2022
Proteção e Defesa Civil: Gestão de Risco - Curso 3,2022
Uso de Mídias Sociais na Comunicação Institucional,2022
"Agência de Água: O que é, o que faz e como funciona",2022
Aquisições de TI - Da origem da demanda ao resultado,2022
Arquitetura de Soluções para Transformação Digital,2022
"Como implementar a LGPD: bases, mecanismos e processos",2022
Controle Exercido por Conselhos de Assistência Social,2022
Design Instrucional para Nativos e Imigrantes Digitais,2022
Economics of Behavioral Development in Public Policies,2022
Estratégias de Logística na Administração Pública,2022
Impactos da Mudança do Clima para a Gestão Municipal,2022
Introdução à Promoção de Negócios Internacionais,2022
Materiais Didáticos do PNLD para o Novo Ensino Médio,2022
Papéis de Trabalho em Auditoria Interna Governamental,2022
Percepção e Mapeamento de Áreas de Risco Geológico,2022
Plano de Segurança de Barragens: guia de instruções,2022
Princípios do Design Thinking e Inovação em Governo,2022
Transferências Discricionárias da União: Execução,2022
Administración de Servicios Gubernamentales en la Nube,2022
Administración de servicios gubernamentales en la nube,2022
Contratos administrativos - Pagamento pelo fato gerador,2022
Creativity and new Technologies at the Work Environment,2022
Creativity and new technologies at the work environment,2022
Criatividade e Inovação Aplicada ao Serviço Público,2022
Desenvolvimento de Objetos e Atividades de Aprendizagem,2022
Elaboração de Indicadores de Desempenho Institucional,2022
Gestão Organizacional para Gestores da Alfabetização,2022
Gestão de Políticas Públicas para Pequenos Negócios,2022
Introdução à Gestão e Apuração da Ética Pública,2022
Mindfulness para Redução de Ansiedade no Teletrabalho,2022
Planejamento Estratégico para Organizações Públicas,2022
Qualificação em Dimensionamento da Força de Trabalho,2022
Redação Oficial e Noções de SEI e suas aplicações,2022
Sistema Eletrônico de Informações - SEI! ADMINISTRAR,2022
Ampliação da Capacidade de Investimentos do Município,2022
Análise de Impacto Regulatório: Conceitos Fundamentais,2022
Aplicação de Penalidades nos Contratos Administrativos,2022
Avaliação de Impacto de Programas e Políticas Sociais,2022
Contabilidade com Foco na Gestão do Orçamento Público,2022
ForPDI - Plano de Desenvolvimento Institucional para IES,2022
Gestão da Informação para Gestores da Alfabetização,2022
Gestão de Riscos em Projetos de Transformação Digital,2022
Noções Introdutórias em Equilíbrio trabalho-família,2022
Proteção e Defesa Civil: Gestão de Desastre - Curso 4,2022
Resiliência Climática na Infraestrutura de Transportes,2022
S2ID - M1 - Usuário Federal - Registro e Reconhecimento,2022
S2ID - M2 - Federal - Execução das Ações de Resposta,2022
Siconv para Convenentes 3 - Proposta e Plano de Trabalho,2022
Análise de dados: uma leitura crítica das informações,2022
Contabilidade com Foco na Gestão do Patrimônio Público,2022
Creatividad y Nuevas Tecnologías en el Servicio Público,2022
Demonstrativo do Resultado da Avaliação Atuarial - DRAA,2022
Governança de TIC no contexto da transformação digital,2022
Inteligência Artificial no Contexto do Serviço Público,2022
Introdução ao Pensamento de Futuros na Gestão Pública,2022
Legislação Básica aplicada à Vigilância e Repressão,2022
MigraCidades: Aprimorando a Governança Migratória Local,2022
PNLD - Programa Nacional do Livro e do Material Didático,2022
Panorama do Suas para Conselheiros de Assistência Social,2022
Plano Museológico: Planejamento estratégico para museus,2022
Proteção e Defesa Civil: atuação no Âmbito Municipal,2022
S2ID - Estadual - M2 - Execução das Ações de Resposta,2022
S2ID - M1 - Usuário Estadual - Registro e Reconhecimento,2022
S2ID - Municipal - M2 - Execução de Ações de Resposta,2022
Segurança Química em Laboratórios de Ensino e Pesquisa,2022
Segurança do paciente e Qualidade em serviços de saúde,2022
Cadastro de Informações sobre serviços no Portal Gov.br,2022
Cadastro de informações sobre serviços no Portal Gov.br,2022
Cultura Organizacional Ágil Aplicada ao Contexto Público,2022